-- MySQL dump 10.13  Distrib 8.0.22, for macos10.15 (x86_64)
--
-- Host: 192.168.0.31    Database: actividades
-- ------------------------------------------------------
-- Server version	8.0.23

/*!40101 SET @OLD_CHARACTER_SET_CLIENT=@@CHARACTER_SET_CLIENT */;
/*!40101 SET @OLD_CHARACTER_SET_RESULTS=@@CHARACTER_SET_RESULTS */;
/*!40101 SET @OLD_COLLATION_CONNECTION=@@COLLATION_CONNECTION */;
/*!50503 SET NAMES utf8 */;
/*!40103 SET @OLD_TIME_ZONE=@@TIME_ZONE */;
/*!40103 SET TIME_ZONE='+00:00' */;
/*!40014 SET @OLD_UNIQUE_CHECKS=@@UNIQUE_CHECKS, UNIQUE_CHECKS=0 */;
/*!40014 SET @OLD_FOREIGN_KEY_CHECKS=@@FOREIGN_KEY_CHECKS, FOREIGN_KEY_CHECKS=0 */;
/*!40101 SET @OLD_SQL_MODE=@@SQL_MODE, SQL_MODE='NO_AUTO_VALUE_ON_ZERO' */;
/*!40111 SET @OLD_SQL_NOTES=@@SQL_NOTES, SQL_NOTES=0 */;

--
-- Table structure for table `almacenes`
--

DROP TABLE IF EXISTS `almacenes`;
/*!40101 SET @saved_cs_client     = @@character_set_client */;
/*!50503 SET character_set_client = utf8mb4 */;
CREATE TABLE `almacenes` (
  `CODIGO` int NOT NULL,
  `LUGAR` varchar(255) NOT NULL,
  `CAPACIDAD` int NOT NULL,
  PRIMARY KEY (`CODIGO`)
) ENGINE=InnoDB DEFAULT CHARSET=utf8;
/*!40101 SET character_set_client = @saved_cs_client */;

--
-- Dumping data for table `almacenes`
--

LOCK TABLES `almacenes` WRITE;
/*!40000 ALTER TABLE `almacenes` DISABLE KEYS */;
INSERT INTO `almacenes` VALUES (1,'Valencia',3),(2,'Barcelona',4),(3,'Bilbao',7),(4,'Los Angeles',2),(5,'San Francisco',8),(6,'Barcelona',3),(7,'LLeida',15),(8,'Gerona',12),(9,'Tarragona',20),(10,'Valls',40),(11,'Reus',30),(12,'Salou',10),(13,'Cambrils',10),(14,'Vilaseca',20),(15,'Torredembarra',17),(16,'Barcelona',10);
/*!40000 ALTER TABLE `almacenes` ENABLE KEYS */;
UNLOCK TABLES;

--
-- Table structure for table `articulos`
--

DROP TABLE IF EXISTS `articulos`;
/*!40101 SET @saved_cs_client     = @@character_set_client */;
/*!50503 SET character_set_client = utf8mb4 */;
CREATE TABLE `articulos` (
  `CODIGO` int NOT NULL,
  `NOMBRE` varchar(255) NOT NULL,
  `PRECIO` decimal(10,0) NOT NULL,
  `FABRICANTE` int NOT NULL,
  PRIMARY KEY (`CODIGO`),
  KEY `FABRICANTE` (`FABRICANTE`),
  CONSTRAINT `articulos_ibfk_1` FOREIGN KEY (`FABRICANTE`) REFERENCES `fabricantes` (`CODIGO`)
) ENGINE=InnoDB DEFAULT CHARSET=utf8;
/*!40101 SET character_set_client = @saved_cs_client */;

--
-- Dumping data for table `articulos`
--

LOCK TABLES `articulos` WRITE;
/*!40000 ALTER TABLE `articulos` DISABLE KEYS */;
INSERT INTO `articulos` VALUES (1,'Hard drive',206,5),(2,'Memory',108,6),(3,'ZIP drive',125,4),(4,'Floppy disk',5,6),(5,'Monitor',206,1),(6,'DVD drive',152,2),(7,'CD drive',81,2),(8,'impresora laser',233,3),(9,'Toner cartridge',59,3),(10,'DVD burner',152,2),(11,'Altavoces',63,2),(12,'Mouse',90,15),(13,'Redmi9T',260,7),(14,'Ryzen5800X',440,9),(15,'I711900K',440,10),(16,'MacBookPro',1340,11),(17,'ROGPhone3',710,12),(18,'X570',440,13),(19,'Cascos',170,14),(20,'Teclado',170,16),(21,'3060',440,8);
/*!40000 ALTER TABLE `articulos` ENABLE KEYS */;
UNLOCK TABLES;

--
-- Table structure for table `cajas`
--

DROP TABLE IF EXISTS `cajas`;
/*!40101 SET @saved_cs_client     = @@character_set_client */;
/*!50503 SET character_set_client = utf8mb4 */;
CREATE TABLE `cajas` (
  `NUMREFERENCIA` varchar(255) NOT NULL,
  `CONTENIDO` varchar(255) NOT NULL,
  `VALOR` double NOT NULL,
  `ALMACEN` int NOT NULL,
  PRIMARY KEY (`NUMREFERENCIA`),
  KEY `ALMACEN` (`ALMACEN`),
  CONSTRAINT `cajas_ibfk_1` FOREIGN KEY (`ALMACEN`) REFERENCES `almacenes` (`CODIGO`)
) ENGINE=InnoDB DEFAULT CHARSET=utf8;
/*!40101 SET character_set_client = @saved_cs_client */;

--
-- Dumping data for table `cajas`
--

LOCK TABLES `cajas` WRITE;
/*!40000 ALTER TABLE `cajas` DISABLE KEYS */;
/*!40000 ALTER TABLE `cajas` ENABLE KEYS */;
UNLOCK TABLES;

--
-- Table structure for table `departamentos`
--

DROP TABLE IF EXISTS `departamentos`;
/*!40101 SET @saved_cs_client     = @@character_set_client */;
/*!50503 SET character_set_client = utf8mb4 */;
CREATE TABLE `departamentos` (
  `CODIGO` int NOT NULL,
  `NOMBRE` varchar(255) NOT NULL,
  `PRESUPUESTO` decimal(10,0) NOT NULL,
  PRIMARY KEY (`CODIGO`)
) ENGINE=InnoDB DEFAULT CHARSET=utf8;
/*!40101 SET character_set_client = @saved_cs_client */;

--
-- Dumping data for table `departamentos`
--

LOCK TABLES `departamentos` WRITE;
/*!40000 ALTER TABLE `departamentos` DISABLE KEYS */;
INSERT INTO `departamentos` VALUES (11,'Calidad',36000),(14,'IT',58500),(37,'Accounting',13500),(59,'Human Resources',216000),(60,'I+D',36000),(61,'RRHH',9000),(62,'Limpieza',9000),(63,'Directivo',36000),(64,'Empleados',36000),(65,'Secretaría',27000),(66,'Tesorería',18000),(67,'Bedelía',9000),(68,'Marketing',36000),(69,'Psicología',4500),(77,'Research',49500);
/*!40000 ALTER TABLE `departamentos` ENABLE KEYS */;
UNLOCK TABLES;

--
-- Table structure for table `empleados`
--

DROP TABLE IF EXISTS `empleados`;
/*!40101 SET @saved_cs_client     = @@character_set_client */;
/*!50503 SET character_set_client = utf8mb4 */;
CREATE TABLE `empleados` (
  `DNI` int NOT NULL,
  `NOMBRE` varchar(255) NOT NULL,
  `APELLIDOS` varchar(255) NOT NULL,
  `DEPARTAMENTO` int NOT NULL,
  PRIMARY KEY (`DNI`),
  KEY `DEPARTAMENTO` (`DEPARTAMENTO`),
  CONSTRAINT `empleados_ibfk_1` FOREIGN KEY (`DEPARTAMENTO`) REFERENCES `departamentos` (`CODIGO`)
) ENGINE=InnoDB DEFAULT CHARSET=utf8;
/*!40101 SET character_set_client = @saved_cs_client */;

--
-- Dumping data for table `empleados`
--

LOCK TABLES `empleados` WRITE;
/*!40000 ALTER TABLE `empleados` DISABLE KEYS */;
/*!40000 ALTER TABLE `empleados` ENABLE KEYS */;
UNLOCK TABLES;

--
-- Table structure for table `fabricantes`
--

DROP TABLE IF EXISTS `fabricantes`;
/*!40101 SET @saved_cs_client     = @@character_set_client */;
/*!50503 SET character_set_client = utf8mb4 */;
CREATE TABLE `fabricantes` (
  `CODIGO` int NOT NULL,
  `NOMBRE` varchar(255) NOT NULL,
  PRIMARY KEY (`CODIGO`)
) ENGINE=InnoDB DEFAULT CHARSET=utf8;
/*!40101 SET character_set_client = @saved_cs_client */;

--
-- Dumping data for table `fabricantes`
--

LOCK TABLES `fabricantes` WRITE;
/*!40000 ALTER TABLE `fabricantes` DISABLE KEYS */;
INSERT INTO `fabricantes` VALUES (1,'Sony'),(2,'Creative Labs'),(3,'Hewlett-Packard'),(4,'Iomega'),(5,'Fujitsu'),(6,'Winchester'),(7,'Xiaomi'),(8,'Nvidia'),(9,'AMD'),(10,'Intel'),(11,'Apple'),(12,'Asus'),(13,'Asrock'),(14,'Logitech'),(15,'Razer'),(16,'SteelSeries');
/*!40000 ALTER TABLE `fabricantes` ENABLE KEYS */;
UNLOCK TABLES;

--
-- Table structure for table `peliculas`
--

DROP TABLE IF EXISTS `peliculas`;
/*!40101 SET @saved_cs_client     = @@character_set_client */;
/*!50503 SET character_set_client = utf8mb4 */;
CREATE TABLE `peliculas` (
  `CODIGO` int NOT NULL,
  `NOMBRE` varchar(255) NOT NULL,
  `CALIFICACIONEDAD` varchar(255) DEFAULT NULL,
  PRIMARY KEY (`CODIGO`)
) ENGINE=InnoDB DEFAULT CHARSET=utf8;
/*!40101 SET character_set_client = @saved_cs_client */;

--
-- Dumping data for table `peliculas`
--

LOCK TABLES `peliculas` WRITE;
/*!40000 ALTER TABLE `peliculas` DISABLE KEYS */;
INSERT INTO `peliculas` VALUES (1,'Citizen Kane','PG'),(2,'Singin\' in the Rain','G'),(3,'The Wizard of Oz','G'),(4,'The Quiet Man','13'),(5,'North by Northwest','13'),(6,'The Last Tango in Paris','NC-17'),(7,'Some Like it Hot','PG-13'),(8,'A Night at the Opera','13'),(9,'Citizen King','G'),(10,'La Sirenita','G'),(11,'Frozen','G'),(12,'Uno,Dos,Tres','7'),(13,'Viaje al mundo en 80 días','G'),(14,'Pantera Negra','PG13'),(15,'Hulk','PG13'),(16,'Iron Man','PG13'),(17,'Thor','PG13'),(18,'El Caballero Oscuro','PG13'),(19,'The Joker','18'),(22,'Jumanji','PG13');
/*!40000 ALTER TABLE `peliculas` ENABLE KEYS */;
UNLOCK TABLES;

--
-- Table structure for table `salas`
--

DROP TABLE IF EXISTS `salas`;
/*!40101 SET @saved_cs_client     = @@character_set_client */;
/*!50503 SET character_set_client = utf8mb4 */;
CREATE TABLE `salas` (
  `CODIGO` int NOT NULL,
  `NOMBRE` varchar(255) NOT NULL,
  `PELICULA` int DEFAULT NULL,
  PRIMARY KEY (`CODIGO`),
  KEY `PELICULA` (`PELICULA`),
  CONSTRAINT `salas_ibfk_1` FOREIGN KEY (`PELICULA`) REFERENCES `peliculas` (`CODIGO`)
) ENGINE=InnoDB DEFAULT CHARSET=utf8;
/*!40101 SET character_set_client = @saved_cs_client */;

--
-- Dumping data for table `salas`
--

LOCK TABLES `salas` WRITE;
/*!40000 ALTER TABLE `salas` DISABLE KEYS */;
INSERT INTO `salas` VALUES (1,'Odeon',5),(4,'Royale',6),(5,'Paraiso',3),(6,'Nickelodeon',NULL),(7,'CartoonNetwork',10),(8,'Jupiter',11),(12,'Surround',15),(14,'Disney',17),(15,'Pixar',18),(16,'Deportes',19);
/*!40000 ALTER TABLE `salas` ENABLE KEYS */;
UNLOCK TABLES;
/*!40103 SET TIME_ZONE=@OLD_TIME_ZONE */;

/*!40101 SET SQL_MODE=@OLD_SQL_MODE */;
/*!40014 SET FOREIGN_KEY_CHECKS=@OLD_FOREIGN_KEY_CHECKS */;
/*!40014 SET UNIQUE_CHECKS=@OLD_UNIQUE_CHECKS */;
/*!40101 SET CHARACTER_SET_CLIENT=@OLD_CHARACTER_SET_CLIENT */;
/*!40101 SET CHARACTER_SET_RESULTS=@OLD_CHARACTER_SET_RESULTS */;
/*!40101 SET COLLATION_CONNECTION=@OLD_COLLATION_CONNECTION */;
/*!40111 SET SQL_NOTES=@OLD_SQL_NOTES */;

-- Dump completed on 2021-02-25 22:13:35
